cache_size,set_num,associativity,block_size,write_through,write_alloc,latency,miss_rate
32768.0,64.0,1.0,512.0,0.0,1.0,2526879.0,0.479096
32768.0,64.0,1.0,512.0,1.0,0.0,1909479.0,0.552282
32768.0,128.0,1.0,256.0,0.0,1.0,1973179.0,0.364163
32768.0,128.0,1.0,256.0,1.0,0.0,2119879.0,0.616443
32768.0,256.0,1.0,128.0,0.0,1.0,2994579.0,0.582929
32768.0,256.0,1.0,128.0,1.0,0.0,2539479.0,0.744397
32768.0,512.0,1.0,64.0,0.0,1.0,4932379.0,1.0
32768.0,512.0,1.0,64.0,1.0,0.0,3377679.0,1.0
32768.0,1024.0,1.0,32.0,0.0,1.0,4932379.0,1.0
32768.0,1024.0,1.0,32.0,1.0,0.0,3377679.0,1.0
32768.0,2048.0,1.0,16.0,0.0,1.0,4932379.0,1.0
32768.0,2048.0,1.0,16.0,1.0,0.0,3377679.0,1.0
32768.0,32.0,2.0,512.0,0.0,1.0,2481679.0,0.469765
32768.0,32.0,2.0,512.0,1.0,0.0,1909279.0,0.552222
32768.0,64.0,2.0,256.0,0.0,1.0,1953779.0,0.359924
32768.0,64.0,2.0,256.0,1.0,0.0,2120079.0,0.616504
32768.0,128.0,2.0,128.0,0.0,1.0,2971379.0,0.577318
32768.0,128.0,2.0,128.0,1.0,0.0,2539879.0,0.744519
32768.0,256.0,2.0,64.0,0.0,1.0,4902779.0,0.992315
32768.0,256.0,2.0,64.0,1.0,0.0,3377679.0,1.0
32768.0,512.0,2.0,32.0,0.0,1.0,4902779.0,0.992315
32768.0,512.0,2.0,32.0,1.0,0.0,3377679.0,1.0
32768.0,1024.0,2.0,16.0,0.0,1.0,4902779.0,0.992315
32768.0,1024.0,2.0,16.0,1.0,0.0,3377679.0,1.0
32768.0,16.0,4.0,512.0,0.0,1.0,2479579.0,0.469064
32768.0,16.0,4.0,512.0,1.0,0.0,1909279.0,0.552222
32768.0,32.0,4.0,256.0,0.0,1.0,1955679.0,0.359772
32768.0,32.0,4.0,256.0,1.0,0.0,2120079.0,0.616504
32768.0,64.0,4.0,128.0,0.0,1.0,2976779.0,0.577227
32768.0,64.0,4.0,128.0,1.0,0.0,2539879.0,0.744519
32768.0,128.0,4.0,64.0,0.0,1.0,4914079.0,0.992315
32768.0,128.0,4.0,64.0,1.0,0.0,3377679.0,1.0
32768.0,256.0,4.0,32.0,0.0,1.0,4914079.0,0.992315
32768.0,256.0,4.0,32.0,1.0,0.0,3377679.0,1.0
32768.0,512.0,4.0,16.0,0.0,1.0,4914079.0,0.992315
32768.0,512.0,4.0,16.0,1.0,0.0,3377679.0,1.0
32768.0,8.0,8.0,512.0,0.0,1.0,2478079.0,0.468698
32768.0,8.0,8.0,512.0,1.0,0.0,1910179.0,0.552496
32768.0,16.0,8.0,256.0,0.0,1.0,1953479.0,0.359223
32768.0,16.0,8.0,256.0,1.0,0.0,2120979.0,0.616778
32768.0,32.0,8.0,128.0,0.0,1.0,2976279.0,0.576769
32768.0,32.0,8.0,128.0,1.0,0.0,2540779.0,0.744793
32768.0,64.0,8.0,64.0,0.0,1.0,4917279.0,0.992041
32768.0,64.0,8.0,64.0,1.0,0.0,3377679.0,1.0
32768.0,128.0,8.0,32.0,0.0,1.0,4917279.0,0.992041
32768.0,128.0,8.0,32.0,1.0,0.0,3377679.0,1.0
32768.0,256.0,8.0,16.0,0.0,1.0,4917279.0,0.992041
32768.0,256.0,8.0,16.0,1.0,0.0,3377679.0,1.0
32768.0,4.0,16.0,512.0,0.0,1.0,2479679.0,0.469003
32768.0,4.0,16.0,512.0,1.0,0.0,1910979.0,0.55274
32768.0,8.0,16.0,256.0,0.0,1.0,1954179.0,0.359284
32768.0,8.0,16.0,256.0,1.0,0.0,2121379.0,0.6169
32768.0,16.0,16.0,128.0,0.0,1.0,2976579.0,0.576708
32768.0,16.0,16.0,128.0,1.0,0.0,2540979.0,0.744854
32768.0,32.0,16.0,64.0,0.0,1.0,4919079.0,0.992041
32768.0,32.0,16.0,64.0,1.0,0.0,3377679.0,1.0
32768.0,64.0,16.0,32.0,0.0,1.0,4919079.0,0.992041
32768.0,64.0,16.0,32.0,1.0,0.0,3377679.0,1.0
32768.0,128.0,16.0,16.0,0.0,1.0,4919079.0,0.992041
32768.0,128.0,16.0,16.0,1.0,0.0,3377679.0,1.0
32768.0,2.0,32.0,512.0,0.0,1.0,2483879.0,0.469948
32768.0,2.0,32.0,512.0,1.0,0.0,1912679.0,0.553258
32768.0,4.0,32.0,256.0,0.0,1.0,1954679.0,0.359406
32768.0,4.0,32.0,256.0,1.0,0.0,2122779.0,0.617327
32768.0,8.0,32.0,128.0,0.0,1.0,2977179.0,0.576708
32768.0,8.0,32.0,128.0,1.0,0.0,2542079.0,0.74519
32768.0,16.0,32.0,64.0,0.0,1.0,4919979.0,0.992041
32768.0,16.0,32.0,64.0,1.0,0.0,3377679.0,1.0
32768.0,32.0,32.0,32.0,0.0,1.0,4919979.0,0.992041
32768.0,32.0,32.0,32.0,1.0,0.0,3377679.0,1.0
32768.0,64.0,32.0,16.0,0.0,1.0,4919979.0,0.992041
32768.0,64.0,32.0,16.0,1.0,0.0,3377679.0,1.0
65536.0,128.0,1.0,512.0,0.0,1.0,2520779.0,0.479035
65536.0,128.0,1.0,512.0,1.0,0.0,1907779.0,0.551764
65536.0,256.0,1.0,256.0,0.0,1.0,1961579.0,0.364133
65536.0,256.0,1.0,256.0,1.0,0.0,2118479.0,0.616016
65536.0,512.0,1.0,128.0,0.0,1.0,2973579.0,0.582899
65536.0,512.0,1.0,128.0,1.0,0.0,2538679.0,0.744153
65536.0,1024.0,1.0,64.0,0.0,1.0,4893879.0,0.99997
65536.0,1024.0,1.0,64.0,1.0,0.0,3377679.0,1.0
65536.0,2048.0,1.0,32.0,0.0,1.0,4893879.0,0.99997
65536.0,2048.0,1.0,32.0,1.0,0.0,3377679.0,1.0
65536.0,4096.0,1.0,16.0,0.0,1.0,4893879.0,0.99997
65536.0,4096.0,1.0,16.0,1.0,0.0,3377679.0,1.0
65536.0,64.0,2.0,512.0,0.0,1.0,2431579.0,0.460556
65536.0,64.0,2.0,512.0,1.0,0.0,1909379.0,0.552252
65536.0,128.0,2.0,256.0,0.0,1.0,1926079.0,0.356235
65536.0,128.0,2.0,256.0,1.0,0.0,2119779.0,0.616412
65536.0,256.0,2.0,128.0,0.0,1.0,2926879.0,0.571921
65536.0,256.0,2.0,128.0,1.0,0.0,2539379.0,0.744366
65536.0,512.0,2.0,64.0,0.0,1.0,4830679.0,0.98457
65536.0,512.0,2.0,64.0,1.0,0.0,3377679.0,1.0
65536.0,1024.0,2.0,32.0,0.0,1.0,4830679.0,0.98457
65536.0,1024.0,2.0,32.0,1.0,0.0,3377679.0,1.0
65536.0,2048.0,2.0,16.0,0.0,1.0,4830679.0,0.98457
65536.0,2048.0,2.0,16.0,1.0,0.0,3377679.0,1.0
65536.0,32.0,4.0,512.0,0.0,1.0,2424679.0,0.458543
65536.0,32.0,4.0,512.0,1.0,0.0,1909279.0,0.552222
65536.0,64.0,4.0,256.0,0.0,1.0,1928979.0,0.355777
65536.0,64.0,4.0,256.0,1.0,0.0,2120079.0,0.616504
65536.0,128.0,4.0,128.0,0.0,1.0,2937179.0,0.571799
65536.0,128.0,4.0,128.0,1.0,0.0,2539779.0,0.744488
65536.0,256.0,4.0,64.0,0.0,1.0,4851979.0,0.98457
65536.0,256.0,4.0,64.0,1.0,0.0,3377679.0,1.0
65536.0,512.0,4.0,32.0,0.0,1.0,4851979.0,0.98457
65536.0,512.0,4.0,32.0,1.0,0.0,3377679.0,1.0
65536.0,1024.0,4.0,16.0,0.0,1.0,4851979.0,0.98457
65536.0,1024.0,4.0,16.0,1.0,0.0,3377679.0,1.0
65536.0,16.0,8.0,512.0,0.0,1.0,2424079.0,0.458299
65536.0,16.0,8.0,512.0,1.0,0.0,1909279.0,0.552222
65536.0,32.0,8.0,256.0,0.0,1.0,1928779.0,0.355289
65536.0,32.0,8.0,256.0,1.0,0.0,2120079.0,0.616504
65536.0,64.0,8.0,128.0,0.0,1.0,2941479.0,0.571524
65536.0,64.0,8.0,128.0,1.0,0.0,2539779.0,0.744488
65536.0,128.0,8.0,64.0,0.0,1.0,4863279.0,0.98457
65536.0,128.0,8.0,64.0,1.0,0.0,3377679.0,1.0
65536.0,256.0,8.0,32.0,0.0,1.0,4863279.0,0.98457
65536.0,256.0,8.0,32.0,1.0,0.0,3377679.0,1.0
65536.0,512.0,8.0,16.0,0.0,1.0,4863279.0,0.98457
65536.0,512.0,8.0,16.0,1.0,0.0,3377679.0,1.0
65536.0,8.0,16.0,512.0,0.0,1.0,2421579.0,0.457781
65536.0,8.0,16.0,512.0,1.0,0.0,1910179.0,0.552496
65536.0,16.0,16.0,256.0,0.0,1.0,1927879.0,0.354954
65536.0,16.0,16.0,256.0,1.0,0.0,2120979.0,0.616778
65536.0,32.0,16.0,128.0,0.0,1.0,2941779.0,0.571219
65536.0,32.0,16.0,128.0,1.0,0.0,2540679.0,0.744763
65536.0,64.0,16.0,64.0,0.0,1.0,4866479.0,0.984295
65536.0,64.0,16.0,64.0,1.0,0.0,3377679.0,1.0
65536.0,128.0,16.0,32.0,0.0,1.0,4866479.0,0.984295
65536.0,128.0,16.0,32.0,1.0,0.0,3377679.0,1.0
65536.0,256.0,16.0,16.0,0.0,1.0,4866479.0,0.984295
65536.0,256.0,16.0,16.0,1.0,0.0,3377679.0,1.0
65536.0,4.0,32.0,512.0,0.0,1.0,2422079.0,0.457872
65536.0,4.0,32.0,512.0,1.0,0.0,1910979.0,0.55274
65536.0,8.0,32.0,256.0,0.0,1.0,1927079.0,0.354801
65536.0,8.0,32.0,256.0,1.0,0.0,2121379.0,0.6169
65536.0,16.0,32.0,128.0,0.0,1.0,2941879.0,0.571128
65536.0,16.0,32.0,128.0,1.0,0.0,2540879.0,0.744824
65536.0,32.0,32.0,64.0,0.0,1.0,4868279.0,0.984295
65536.0,32.0,32.0,64.0,1.0,0.0,3377679.0,1.0
65536.0,64.0,32.0,32.0,0.0,1.0,4868279.0,0.984295
65536.0,64.0,32.0,32.0,1.0,0.0,3377679.0,1.0
65536.0,128.0,32.0,16.0,0.0,1.0,4868279.0,0.984295
65536.0,128.0,32.0,16.0,1.0,0.0,3377679.0,1.0
131072.0,256.0,1.0,512.0,0.0,1.0,2506979.0,0.478303
131072.0,256.0,1.0,512.0,1.0,0.0,1907079.0,0.551551
131072.0,512.0,1.0,256.0,0.0,1.0,1934579.0,0.362913
131072.0,512.0,1.0,256.0,1.0,0.0,2117879.0,0.615833
131072.0,1024.0,1.0,128.0,0.0,1.0,2921779.0,0.580215
131072.0,1024.0,1.0,128.0,1.0,0.0,2538279.0,0.744031
131072.0,2048.0,1.0,64.0,0.0,1.0,4794479.0,0.994572
131072.0,2048.0,1.0,64.0,1.0,0.0,3377679.0,1.0
131072.0,4096.0,1.0,32.0,0.0,1.0,4794479.0,0.994572
131072.0,4096.0,1.0,32.0,1.0,0.0,3377679.0,1.0
131072.0,8192.0,1.0,16.0,0.0,1.0,4794479.0,0.994572
131072.0,8192.0,1.0,16.0,1.0,0.0,3377679.0,1.0
131072.0,128.0,2.0,512.0,0.0,1.0,2327279.0,0.441222
131072.0,128.0,2.0,512.0,1.0,0.0,1907679.0,0.551734
131072.0,256.0,2.0,256.0,0.0,1.0,1865379.0,0.34791
131072.0,256.0,2.0,256.0,1.0,0.0,2118179.0,0.615924
131072.0,512.0,2.0,128.0,0.0,1.0,2838579.0,0.561065
131072.0,512.0,2.0,128.0,1.0,0.0,2538479.0,0.744092
131072.0,1024.0,2.0,64.0,0.0,1.0,4689479.0,0.968926
131072.0,1024.0,2.0,64.0,1.0,0.0,3377679.0,1.0
131072.0,2048.0,2.0,32.0,0.0,1.0,4689479.0,0.968926
131072.0,2048.0,2.0,32.0,1.0,0.0,3377679.0,1.0
131072.0,4096.0,2.0,16.0,0.0,1.0,4689479.0,0.968926
131072.0,4096.0,2.0,16.0,1.0,0.0,3377679.0,1.0
131072.0,64.0,4.0,512.0,0.0,1.0,2317779.0,0.438142
131072.0,64.0,4.0,512.0,1.0,0.0,1909179.0,0.552191
131072.0,128.0,4.0,256.0,0.0,1.0,1872979.0,0.347391
131072.0,128.0,4.0,256.0,1.0,0.0,2119379.0,0.61629
131072.0,256.0,4.0,128.0,0.0,1.0,2858879.0,0.561034
131072.0,256.0,4.0,128.0,1.0,0.0,2539279.0,0.744336
131072.0,512.0,4.0,64.0,0.0,1.0,4728079.0,0.968957
131072.0,512.0,4.0,64.0,1.0,0.0,3377679.0,1.0
131072.0,1024.0,4.0,32.0,0.0,1.0,4728079.0,0.968957
131072.0,1024.0,4.0,32.0,1.0,0.0,3377679.0,1.0
131072.0,2048.0,4.0,16.0,0.0,1.0,4728079.0,0.968957
131072.0,2048.0,4.0,16.0,1.0,0.0,3377679.0,1.0
131072.0,32.0,8.0,512.0,0.0,1.0,2311179.0,0.436435
131072.0,32.0,8.0,512.0,1.0,0.0,1909279.0,0.552222
131072.0,64.0,8.0,256.0,0.0,1.0,1872179.0,0.346354
131072.0,64.0,8.0,256.0,1.0,0.0,2119779.0,0.616412
131072.0,128.0,8.0,128.0,0.0,1.0,2865179.0,0.560333
131072.0,128.0,8.0,128.0,1.0,0.0,2539679.0,0.744458
131072.0,256.0,8.0,64.0,0.0,1.0,4749379.0,0.968957
131072.0,256.0,8.0,64.0,1.0,0.0,3377679.0,1.0
131072.0,512.0,8.0,32.0,0.0,1.0,4749379.0,0.968957
131072.0,512.0,8.0,32.0,1.0,0.0,3377679.0,1.0
131072.0,1024.0,8.0,16.0,0.0,1.0,4749379.0,0.968957
131072.0,1024.0,8.0,16.0,1.0,0.0,3377679.0,1.0
131072.0,16.0,16.0,512.0,0.0,1.0,2309679.0,0.436069
131072.0,16.0,16.0,512.0,1.0,0.0,1909279.0,0.552222
131072.0,32.0,16.0,256.0,0.0,1.0,1871779.0,0.345866
131072.0,32.0,16.0,256.0,1.0,0.0,2119779.0,0.616412
131072.0,64.0,16.0,128.0,0.0,1.0,2868879.0,0.559967
131072.0,64.0,16.0,128.0,1.0,0.0,2539679.0,0.744458
131072.0,128.0,16.0,64.0,0.0,1.0,4760879.0,0.968957
131072.0,128.0,16.0,64.0,1.0,0.0,3377679.0,1.0
131072.0,256.0,16.0,32.0,0.0,1.0,4760879.0,0.968957
131072.0,256.0,16.0,32.0,1.0,0.0,3377679.0,1.0
131072.0,512.0,16.0,16.0,0.0,1.0,4760879.0,0.968957
131072.0,512.0,16.0,16.0,1.0,0.0,3377679.0,1.0
131072.0,8.0,32.0,512.0,0.0,1.0,2307579.0,0.435642
131072.0,8.0,32.0,512.0,1.0,0.0,1910179.0,0.552496
131072.0,16.0,32.0,256.0,0.0,1.0,1869579.0,0.345318
131072.0,16.0,32.0,256.0,1.0,0.0,2120679.0,0.616686
131072.0,32.0,32.0,128.0,0.0,1.0,2866579.0,0.559205
131072.0,32.0,32.0,128.0,1.0,0.0,2540579.0,0.744732
131072.0,64.0,32.0,64.0,0.0,1.0,4764079.0,0.968682
131072.0,64.0,32.0,64.0,1.0,0.0,3377679.0,1.0
131072.0,128.0,32.0,32.0,0.0,1.0,4764079.0,0.968682
131072.0,128.0,32.0,32.0,1.0,0.0,3377679.0,1.0
131072.0,256.0,32.0,16.0,0.0,1.0,4764079.0,0.968682
131072.0,256.0,32.0,16.0,1.0,0.0,3377679.0,1.0
262144.0,512.0,1.0,512.0,0.0,1.0,2397779.0,0.452536
262144.0,512.0,1.0,512.0,1.0,0.0,1906679.0,0.551429
262144.0,1024.0,1.0,256.0,0.0,1.0,1721279.0,0.312658
262144.0,1024.0,1.0,256.0,1.0,0.0,2117579.0,0.615741
262144.0,2048.0,1.0,128.0,0.0,1.0,2499179.0,0.480285
262144.0,2048.0,1.0,128.0,1.0,0.0,2538079.0,0.74397
262144.0,4096.0,1.0,64.0,0.0,1.0,3962279.0,0.796572
262144.0,4096.0,1.0,64.0,1.0,0.0,3377679.0,1.0
262144.0,8192.0,1.0,32.0,0.0,1.0,3962279.0,0.796572
262144.0,8192.0,1.0,32.0,1.0,0.0,3377679.0,1.0
262144.0,16384.0,1.0,16.0,0.0,1.0,3962279.0,0.796572
262144.0,16384.0,1.0,16.0,1.0,0.0,3377679.0,1.0
262144.0,256.0,2.0,512.0,0.0,1.0,2113179.0,0.40158
262144.0,256.0,2.0,512.0,1.0,0.0,1906979.0,0.55152
262144.0,512.0,2.0,256.0,0.0,1.0,1741879.0,0.330467
262144.0,512.0,2.0,256.0,1.0,0.0,2117679.0,0.615772
262144.0,1024.0,2.0,128.0,0.0,1.0,2653279.0,0.537127
262144.0,1024.0,2.0,128.0,1.0,0.0,2538079.0,0.74397
262144.0,2048.0,2.0,64.0,0.0,1.0,4388379.0,0.933248
262144.0,2048.0,2.0,64.0,1.0,0.0,3377679.0,1.0
262144.0,4096.0,2.0,32.0,0.0,1.0,4388379.0,0.933248
262144.0,4096.0,2.0,32.0,1.0,0.0,3377679.0,1.0
262144.0,8192.0,2.0,16.0,0.0,1.0,4388379.0,0.933248
262144.0,8192.0,2.0,16.0,1.0,0.0,3377679.0,1.0
262144.0,128.0,4.0,512.0,0.0,1.0,2089979.0,0.394871
262144.0,128.0,4.0,512.0,1.0,0.0,1907179.0,0.551581
262144.0,256.0,4.0,256.0,0.0,1.0,1764079.0,0.331107
262144.0,256.0,4.0,256.0,1.0,0.0,2118079.0,0.615894
262144.0,512.0,4.0,128.0,0.0,1.0,2702179.0,0.539292
262144.0,512.0,4.0,128.0,1.0,0.0,2538379.0,0.744061
262144.0,1024.0,4.0,64.0,0.0,1.0,4485279.0,0.937883
262144.0,1024.0,4.0,64.0,1.0,0.0,3377679.0,1.0
262144.0,2048.0,4.0,32.0,0.0,1.0,4485279.0,0.937883
262144.0,2048.0,4.0,32.0,1.0,0.0,3377679.0,1.0
262144.0,4096.0,4.0,16.0,0.0,1.0,4485279.0,0.937883
262144.0,4096.0,4.0,16.0,1.0,0.0,3377679.0,1.0
262144.0,64.0,8.0,512.0,0.0,1.0,2089679.0,0.394108
262144.0,64.0,8.0,512.0,1.0,0.0,1908179.0,0.551886
262144.0,128.0,8.0,256.0,0.0,1.0,1766279.0,0.329644
262144.0,128.0,8.0,256.0,1.0,0.0,2119079.0,0.616199
262144.0,256.0,8.0,128.0,0.0,1.0,2718179.0,0.538499
262144.0,256.0,8.0,128.0,1.0,0.0,2539079.0,0.744275
262144.0,512.0,8.0,64.0,0.0,1.0,4524079.0,0.938005
262144.0,512.0,8.0,64.0,1.0,0.0,3377679.0,1.0
262144.0,1024.0,8.0,32.0,0.0,1.0,4524079.0,0.938005
262144.0,1024.0,8.0,32.0,1.0,0.0,3377679.0,1.0
262144.0,2048.0,8.0,16.0,0.0,1.0,4524079.0,0.938005
262144.0,2048.0,8.0,16.0,1.0,0.0,3377679.0,1.0
262144.0,32.0,16.0,512.0,0.0,1.0,2084179.0,0.392645
262144.0,32.0,16.0,512.0,1.0,0.0,1908479.0,0.551978
262144.0,64.0,16.0,256.0,0.0,1.0,1763479.0,0.328332
262144.0,64.0,16.0,256.0,1.0,0.0,2119379.0,0.61629
262144.0,128.0,16.0,128.0,0.0,1.0,2720479.0,0.537066
262144.0,128.0,16.0,128.0,1.0,0.0,2539379.0,0.744366
262144.0,256.0,16.0,64.0,0.0,1.0,4544679.0,0.937792
262144.0,256.0,16.0,64.0,1.0,0.0,3377679.0,1.0
262144.0,512.0,16.0,32.0,0.0,1.0,4544679.0,0.937792
262144.0,512.0,16.0,32.0,1.0,0.0,3377679.0,1.0
262144.0,1024.0,16.0,16.0,0.0,1.0,4544679.0,0.937792
262144.0,1024.0,16.0,16.0,1.0,0.0,3377679.0,1.0
262144.0,16.0,32.0,512.0,0.0,1.0,2081079.0,0.391913
262144.0,16.0,32.0,512.0,1.0,0.0,1908479.0,0.551978
262144.0,32.0,32.0,256.0,0.0,1.0,1763279.0,0.327783
262144.0,32.0,32.0,256.0,1.0,0.0,2119379.0,0.61629
262144.0,64.0,32.0,128.0,0.0,1.0,2721379.0,0.536303
262144.0,64.0,32.0,128.0,1.0,0.0,2539379.0,0.744366
262144.0,128.0,32.0,64.0,0.0,1.0,4556179.0,0.937792
262144.0,128.0,32.0,64.0,1.0,0.0,3377679.0,1.0
262144.0,256.0,32.0,32.0,0.0,1.0,4556179.0,0.937792
262144.0,256.0,32.0,32.0,1.0,0.0,3377679.0,1.0
262144.0,512.0,32.0,16.0,0.0,1.0,4556179.0,0.937792
262144.0,512.0,32.0,16.0,1.0,0.0,3377679.0,1.0
524288.0,1024.0,1.0,512.0,0.0,1.0,1233779.0,0.23197
524288.0,1024.0,1.0,512.0,1.0,0.0,1906479.0,0.551368
524288.0,2048.0,1.0,256.0,0.0,1.0,1156879.0,0.222822
524288.0,2048.0,1.0,256.0,1.0,0.0,2117379.0,0.61568
524288.0,4096.0,1.0,128.0,0.0,1.0,1907079.0,0.391334
524288.0,4096.0,1.0,128.0,1.0,0.0,2537979.0,0.743939
524288.0,8192.0,1.0,64.0,0.0,1.0,3284779.0,0.706126
524288.0,8192.0,1.0,64.0,1.0,0.0,3377679.0,1.0
524288.0,16384.0,1.0,32.0,0.0,1.0,3284779.0,0.706126
524288.0,16384.0,1.0,32.0,1.0,0.0,3377679.0,1.0
524288.0,32768.0,1.0,16.0,0.0,1.0,3284779.0,0.706126
524288.0,32768.0,1.0,16.0,1.0,0.0,3377679.0,1.0
524288.0,512.0,2.0,512.0,0.0,1.0,1625079.0,0.306254
524288.0,512.0,2.0,512.0,1.0,0.0,1906579.0,0.551398
524288.0,1024.0,2.0,256.0,0.0,1.0,1348879.0,0.25789
524288.0,1024.0,2.0,256.0,1.0,0.0,2117479.0,0.615711
524288.0,2048.0,2.0,128.0,0.0,1.0,2049179.0,0.423779
524288.0,2048.0,2.0,128.0,1.0,0.0,2537979.0,0.743939
524288.0,4096.0,2.0,64.0,0.0,1.0,3376779.0,0.741378
524288.0,4096.0,2.0,64.0,1.0,0.0,3377679.0,1.0
524288.0,8192.0,2.0,32.0,0.0,1.0,3376779.0,0.741378
524288.0,8192.0,2.0,32.0,1.0,0.0,3377679.0,1.0
524288.0,16384.0,2.0,16.0,0.0,1.0,3376779.0,0.741378
524288.0,16384.0,2.0,16.0,1.0,0.0,3377679.0,1.0
524288.0,256.0,4.0,512.0,0.0,1.0,1640179.0,0.308968
524288.0,256.0,4.0,512.0,1.0,0.0,1906779.0,0.551459
524288.0,512.0,4.0,256.0,0.0,1.0,1519679.0,0.294514
524288.0,512.0,4.0,256.0,1.0,0.0,2117679.0,0.615772
524288.0,1024.0,4.0,128.0,0.0,1.0,2375179.0,0.494221
524288.0,1024.0,4.0,128.0,1.0,0.0,2538079.0,0.74397
524288.0,2048.0,4.0,64.0,0.0,1.0,3979879.0,0.875187
524288.0,2048.0,4.0,64.0,1.0,0.0,3377679.0,1.0
524288.0,4096.0,4.0,32.0,0.0,1.0,3979879.0,0.875187
524288.0,4096.0,4.0,32.0,1.0,0.0,3377679.0,1.0
524288.0,8192.0,4.0,16.0,0.0,1.0,3979879.0,0.875187
524288.0,8192.0,4.0,16.0,1.0,0.0,3377679.0,1.0
524288.0,128.0,8.0,512.0,0.0,1.0,1592979.0,0.300064
524288.0,128.0,8.0,512.0,1.0,0.0,1906879.0,0.55149
524288.0,256.0,8.0,256.0,0.0,1.0,1492479.0,0.287165
524288.0,256.0,8.0,256.0,1.0,0.0,2117879.0,0.615833
524288.0,512.0,8.0,128.0,0.0,1.0,2401979.0,0.492056
524288.0,512.0,8.0,128.0,1.0,0.0,2538279.0,0.744031
524288.0,1024.0,8.0,64.0,0.0,1.0,4084179.0,0.878297
524288.0,1024.0,8.0,64.0,1.0,0.0,3377679.0,1.0
524288.0,2048.0,8.0,32.0,0.0,1.0,4084179.0,0.878297
524288.0,2048.0,8.0,32.0,1.0,0.0,3377679.0,1.0
524288.0,4096.0,8.0,16.0,0.0,1.0,4084179.0,0.878297
524288.0,4096.0,8.0,16.0,1.0,0.0,3377679.0,1.0
524288.0,64.0,16.0,512.0,0.0,1.0,1595079.0,0.29982
524288.0,64.0,16.0,512.0,1.0,0.0,1907479.0,0.551673
524288.0,128.0,16.0,256.0,0.0,1.0,1500679.0,0.286951
524288.0,128.0,16.0,256.0,1.0,0.0,2118479.0,0.616016
524288.0,256.0,16.0,128.0,0.0,1.0,2411579.0,0.490379
524288.0,256.0,16.0,128.0,1.0,0.0,2538579.0,0.744122
524288.0,512.0,16.0,64.0,0.0,1.0,4116779.0,0.87726
524288.0,512.0,16.0,64.0,1.0,0.0,3377679.0,1.0
524288.0,1024.0,16.0,32.0,0.0,1.0,4116779.0,0.87726
524288.0,1024.0,16.0,32.0,1.0,0.0,3377679.0,1.0
524288.0,2048.0,16.0,16.0,0.0,1.0,4116779.0,0.87726
524288.0,2048.0,16.0,16.0,1.0,0.0,3377679.0,1.0
524288.0,32.0,32.0,512.0,0.0,1.0,1590679.0,0.298783
524288.0,32.0,32.0,512.0,1.0,0.0,1907679.0,0.551734
524288.0,64.0,32.0,256.0,0.0,1.0,1497679.0,0.285701
524288.0,64.0,32.0,256.0,1.0,0.0,2118679.0,0.616077
524288.0,128.0,32.0,128.0,0.0,1.0,2413679.0,0.488946
524288.0,128.0,32.0,128.0,1.0,0.0,2538779.0,0.744183
524288.0,256.0,32.0,64.0,0.0,1.0,4136179.0,0.876864
524288.0,256.0,32.0,64.0,1.0,0.0,3377679.0,1.0
524288.0,512.0,32.0,32.0,0.0,1.0,4136179.0,0.876864
524288.0,512.0,32.0,32.0,1.0,0.0,3377679.0,1.0
524288.0,1024.0,32.0,16.0,0.0,1.0,4136179.0,0.876864
524288.0,1024.0,32.0,16.0,1.0,0.0,3377679.0,1.0
1048576.0,2048.0,1.0,512.0,0.0,1.0,472279.0,0.099259
1048576.0,2048.0,1.0,512.0,1.0,0.0,1906479.0,0.551368
1048576.0,4096.0,1.0,256.0,0.0,1.0,745979.0,0.180862
1048576.0,4096.0,1.0,256.0,1.0,0.0,2117379.0,0.61568
1048576.0,8192.0,1.0,128.0,0.0,1.0,1321579.0,0.351112
1048576.0,8192.0,1.0,128.0,1.0,0.0,2537979.0,0.743939
1048576.0,16384.0,1.0,64.0,0.0,1.0,2446479.0,0.688745
1048576.0,16384.0,1.0,64.0,1.0,0.0,3377679.0,1.0
1048576.0,32768.0,1.0,32.0,0.0,1.0,2446479.0,0.688745
1048576.0,32768.0,1.0,32.0,1.0,0.0,3377679.0,1.0
1048576.0,65536.0,1.0,16.0,0.0,1.0,2446479.0,0.688745
1048576.0,65536.0,1.0,16.0,1.0,0.0,3377679.0,1.0
1048576.0,1024.0,2.0,512.0,0.0,1.0,569579.0,0.116427
1048576.0,1024.0,2.0,512.0,1.0,0.0,1906379.0,0.551337
1048576.0,2048.0,2.0,256.0,0.0,1.0,807979.0,0.189675
1048576.0,2048.0,2.0,256.0,1.0,0.0,2117279.0,0.61565
1048576.0,4096.0,2.0,128.0,0.0,1.0,1395879.0,0.360473
1048576.0,4096.0,2.0,128.0,1.0,0.0,2537879.0,0.743909
1048576.0,8192.0,2.0,64.0,0.0,1.0,2530679.0,0.696826
1048576.0,8192.0,2.0,64.0,1.0,0.0,3377679.0,1.0
1048576.0,16384.0,2.0,32.0,0.0,1.0,2530679.0,0.696826
1048576.0,16384.0,2.0,32.0,1.0,0.0,3377679.0,1.0
1048576.0,32768.0,2.0,16.0,0.0,1.0,2530679.0,0.696826
1048576.0,32768.0,2.0,16.0,1.0,0.0,3377679.0,1.0
1048576.0,512.0,4.0,512.0,0.0,1.0,643279.0,0.127222
1048576.0,512.0,4.0,512.0,1.0,0.0,1906379.0,0.551337
1048576.0,1024.0,4.0,256.0,0.0,1.0,880679.0,0.199189
1048576.0,1024.0,4.0,256.0,1.0,0.0,2117279.0,0.61565
1048576.0,2048.0,4.0,128.0,0.0,1.0,1456179.0,0.365047
1048576.0,2048.0,4.0,128.0,1.0,0.0,2537879.0,0.743909
1048576.0,4096.0,4.0,64.0,0.0,1.0,2608179.0,0.697984
1048576.0,4096.0,4.0,64.0,1.0,0.0,3377679.0,1.0
1048576.0,8192.0,4.0,32.0,0.0,1.0,2608179.0,0.697984
1048576.0,8192.0,4.0,32.0,1.0,0.0,3377679.0,1.0
1048576.0,16384.0,4.0,16.0,0.0,1.0,2608179.0,0.697984
1048576.0,16384.0,4.0,16.0,1.0,0.0,3377679.0,1.0
1048576.0,256.0,8.0,512.0,0.0,1.0,741279.0,0.142896
1048576.0,256.0,8.0,512.0,1.0,0.0,1906379.0,0.551337
1048576.0,512.0,8.0,256.0,0.0,1.0,977179.0,0.21038
1048576.0,512.0,8.0,256.0,1.0,0.0,2117279.0,0.61565
1048576.0,1024.0,8.0,128.0,0.0,1.0,1621779.0,0.382307
1048576.0,1024.0,8.0,128.0,1.0,0.0,2537879.0,0.743909
1048576.0,2048.0,8.0,64.0,0.0,1.0,2858779.0,0.717958
1048576.0,2048.0,8.0,64.0,1.0,0.0,3377679.0,1.0
1048576.0,4096.0,8.0,32.0,0.0,1.0,2858779.0,0.717958
1048576.0,4096.0,8.0,32.0,1.0,0.0,3377679.0,1.0
1048576.0,8192.0,8.0,16.0,0.0,1.0,2858779.0,0.717958
1048576.0,8192.0,8.0,16.0,1.0,0.0,3377679.0,1.0
1048576.0,128.0,16.0,512.0,0.0,1.0,748379.0,0.143964
1048576.0,128.0,16.0,512.0,1.0,0.0,1906379.0,0.551337
1048576.0,256.0,16.0,256.0,0.0,1.0,978479.0,0.208825
1048576.0,256.0,16.0,256.0,1.0,0.0,2117279.0,0.61565
1048576.0,512.0,16.0,128.0,0.0,1.0,1648379.0,0.382887
1048576.0,512.0,16.0,128.0,1.0,0.0,2537879.0,0.743909
1048576.0,1024.0,16.0,64.0,0.0,1.0,2938379.0,0.722166
1048576.0,1024.0,16.0,64.0,1.0,0.0,3377679.0,1.0
1048576.0,2048.0,16.0,32.0,0.0,1.0,2938379.0,0.722166
1048576.0,2048.0,16.0,32.0,1.0,0.0,3377679.0,1.0
1048576.0,4096.0,16.0,16.0,0.0,1.0,2938379.0,0.722166
1048576.0,4096.0,16.0,16.0,1.0,0.0,3377679.0,1.0
1048576.0,64.0,32.0,512.0,0.0,1.0,749579.0,0.143293
1048576.0,64.0,32.0,512.0,1.0,0.0,1906379.0,0.551337
1048576.0,128.0,32.0,256.0,0.0,1.0,982779.0,0.207453
1048576.0,128.0,32.0,256.0,1.0,0.0,2117279.0,0.61565
1048576.0,256.0,32.0,128.0,0.0,1.0,1667079.0,0.382002
1048576.0,256.0,32.0,128.0,1.0,0.0,2537879.0,0.743909
1048576.0,512.0,32.0,64.0,0.0,1.0,2993379.0,0.723783
1048576.0,512.0,32.0,64.0,1.0,0.0,3377679.0,1.0
1048576.0,1024.0,32.0,32.0,0.0,1.0,2993379.0,0.723783
1048576.0,1024.0,32.0,32.0,1.0,0.0,3377679.0,1.0
1048576.0,2048.0,32.0,16.0,0.0,1.0,2993379.0,0.723783
1048576.0,2048.0,32.0,16.0,1.0,0.0,3377679.0,1.0
2097152.0,4096.0,1.0,512.0,0.0,1.0,417179.0,0.093648
2097152.0,4096.0,1.0,512.0,1.0,0.0,1906479.0,0.551368
2097152.0,8192.0,1.0,256.0,0.0,1.0,700179.0,0.179581
2097152.0,8192.0,1.0,256.0,1.0,0.0,2117379.0,0.61568
2097152.0,16384.0,1.0,128.0,0.0,1.0,1266779.0,0.350624
2097152.0,16384.0,1.0,128.0,1.0,0.0,2537979.0,0.743939
2097152.0,32768.0,1.0,64.0,0.0,1.0,2386279.0,0.688745
2097152.0,32768.0,1.0,64.0,1.0,0.0,3377679.0,1.0
2097152.0,65536.0,1.0,32.0,0.0,1.0,2386279.0,0.688745
2097152.0,65536.0,1.0,32.0,1.0,0.0,3377679.0,1.0
2097152.0,131072.0,1.0,16.0,0.0,1.0,2386279.0,0.688745
2097152.0,131072.0,1.0,16.0,1.0,0.0,3377679.0,1.0
2097152.0,2048.0,2.0,512.0,0.0,1.0,399279.0,0.0913
2097152.0,2048.0,2.0,512.0,1.0,0.0,1906379.0,0.551337
2097152.0,4096.0,2.0,256.0,0.0,1.0,684679.0,0.178392
2097152.0,4096.0,2.0,256.0,1.0,0.0,2117279.0,0.61565
2097152.0,8192.0,2.0,128.0,0.0,1.0,1245979.0,0.349648
2097152.0,8192.0,2.0,128.0,1.0,0.0,2537879.0,0.743909
2097152.0,16384.0,2.0,64.0,0.0,1.0,2356479.0,0.688257
2097152.0,16384.0,2.0,64.0,1.0,0.0,3377679.0,1.0
2097152.0,32768.0,2.0,32.0,0.0,1.0,2356479.0,0.688257
2097152.0,32768.0,2.0,32.0,1.0,0.0,3377679.0,1.0
2097152.0,65536.0,2.0,16.0,0.0,1.0,2356479.0,0.688257
2097152.0,65536.0,2.0,16.0,1.0,0.0,3377679.0,1.0
2097152.0,1024.0,4.0,512.0,0.0,1.0,397679.0,0.091239
2097152.0,1024.0,4.0,512.0,1.0,0.0,1906379.0,0.551337
2097152.0,2048.0,4.0,256.0,0.0,1.0,683279.0,0.178361
2097152.0,2048.0,4.0,256.0,1.0,0.0,2117279.0,0.61565
2097152.0,4096.0,4.0,128.0,0.0,1.0,1244979.0,0.349648
2097152.0,4096.0,4.0,128.0,1.0,0.0,2537879.0,0.743909
2097152.0,8192.0,4.0,64.0,0.0,1.0,2355379.0,0.688257
2097152.0,8192.0,4.0,64.0,1.0,0.0,3377679.0,1.0
2097152.0,16384.0,4.0,32.0,0.0,1.0,2355379.0,0.688257
2097152.0,16384.0,4.0,32.0,1.0,0.0,3377679.0,1.0
2097152.0,32768.0,4.0,16.0,0.0,1.0,2355379.0,0.688257
2097152.0,32768.0,4.0,16.0,1.0,0.0,3377679.0,1.0
2097152.0,512.0,8.0,512.0,0.0,1.0,397579.0,0.091239
2097152.0,512.0,8.0,512.0,1.0,0.0,1906379.0,0.551337
2097152.0,1024.0,8.0,256.0,0.0,1.0,683279.0,0.178361
2097152.0,1024.0,8.0,256.0,1.0,0.0,2117279.0,0.61565
2097152.0,2048.0,8.0,128.0,0.0,1.0,1244979.0,0.349648
2097152.0,2048.0,8.0,128.0,1.0,0.0,2537879.0,0.743909
2097152.0,4096.0,8.0,64.0,0.0,1.0,2355379.0,0.688257
2097152.0,4096.0,8.0,64.0,1.0,0.0,3377679.0,1.0
2097152.0,8192.0,8.0,32.0,0.0,1.0,2355379.0,0.688257
2097152.0,8192.0,8.0,32.0,1.0,0.0,3377679.0,1.0
2097152.0,16384.0,8.0,16.0,0.0,1.0,2355379.0,0.688257
2097152.0,16384.0,8.0,16.0,1.0,0.0,3377679.0,1.0
2097152.0,256.0,16.0,512.0,0.0,1.0,397579.0,0.091239
2097152.0,256.0,16.0,512.0,1.0,0.0,1906379.0,0.551337
2097152.0,512.0,16.0,256.0,0.0,1.0,683279.0,0.178361
2097152.0,512.0,16.0,256.0,1.0,0.0,2117279.0,0.61565
2097152.0,1024.0,16.0,128.0,0.0,1.0,1244979.0,0.349648
2097152.0,1024.0,16.0,128.0,1.0,0.0,2537879.0,0.743909
2097152.0,2048.0,16.0,64.0,0.0,1.0,2355379.0,0.688257
2097152.0,2048.0,16.0,64.0,1.0,0.0,3377679.0,1.0
2097152.0,4096.0,16.0,32.0,0.0,1.0,2355379.0,0.688257
2097152.0,4096.0,16.0,32.0,1.0,0.0,3377679.0,1.0
2097152.0,8192.0,16.0,16.0,0.0,1.0,2355379.0,0.688257
2097152.0,8192.0,16.0,16.0,1.0,0.0,3377679.0,1.0
2097152.0,128.0,32.0,512.0,0.0,1.0,397579.0,0.091239
2097152.0,128.0,32.0,512.0,1.0,0.0,1906379.0,0.551337
2097152.0,256.0,32.0,256.0,0.0,1.0,683279.0,0.178361
2097152.0,256.0,32.0,256.0,1.0,0.0,2117279.0,0.61565
2097152.0,512.0,32.0,128.0,0.0,1.0,1244979.0,0.349648
2097152.0,512.0,32.0,128.0,1.0,0.0,2537879.0,0.743909
2097152.0,1024.0,32.0,64.0,0.0,1.0,2355379.0,0.688257
2097152.0,1024.0,32.0,64.0,1.0,0.0,3377679.0,1.0
2097152.0,2048.0,32.0,32.0,0.0,1.0,2355379.0,0.688257
2097152.0,2048.0,32.0,32.0,1.0,0.0,3377679.0,1.0
2097152.0,4096.0,32.0,16.0,0.0,1.0,2355379.0,0.688257
2097152.0,4096.0,32.0,16.0,1.0,0.0,3377679.0,1.0
4194304.0,8192.0,1.0,512.0,0.0,1.0,411979.0,0.093038
4194304.0,8192.0,1.0,512.0,1.0,0.0,1906479.0,0.551368
4194304.0,16384.0,1.0,256.0,0.0,1.0,696179.0,0.179246
4194304.0,16384.0,1.0,256.0,1.0,0.0,2117379.0,0.61568
4194304.0,32768.0,1.0,128.0,0.0,1.0,1262879.0,0.350441
4194304.0,32768.0,1.0,128.0,1.0,0.0,2537979.0,0.743939
4194304.0,65536.0,1.0,64.0,0.0,1.0,2381979.0,0.688745
4194304.0,65536.0,1.0,64.0,1.0,0.0,3377679.0,1.0
4194304.0,131072.0,1.0,32.0,0.0,1.0,2381979.0,0.688745
4194304.0,131072.0,1.0,32.0,1.0,0.0,3377679.0,1.0
4194304.0,262144.0,1.0,16.0,0.0,1.0,2381979.0,0.688745
4194304.0,262144.0,1.0,16.0,1.0,0.0,3377679.0,1.0
4194304.0,4096.0,2.0,512.0,0.0,1.0,397579.0,0.091239
4194304.0,4096.0,2.0,512.0,1.0,0.0,1906379.0,0.551337
4194304.0,8192.0,2.0,256.0,0.0,1.0,683279.0,0.178361
4194304.0,8192.0,2.0,256.0,1.0,0.0,2117279.0,0.61565
4194304.0,16384.0,2.0,128.0,0.0,1.0,1244979.0,0.349648
4194304.0,16384.0,2.0,128.0,1.0,0.0,2537879.0,0.743909
4194304.0,32768.0,2.0,64.0,0.0,1.0,2355379.0,0.688257
4194304.0,32768.0,2.0,64.0,1.0,0.0,3377679.0,1.0
4194304.0,65536.0,2.0,32.0,0.0,1.0,2355379.0,0.688257
4194304.0,65536.0,2.0,32.0,1.0,0.0,3377679.0,1.0
4194304.0,131072.0,2.0,16.0,0.0,1.0,2355379.0,0.688257
4194304.0,131072.0,2.0,16.0,1.0,0.0,3377679.0,1.0
4194304.0,2048.0,4.0,512.0,0.0,1.0,397579.0,0.091239
4194304.0,2048.0,4.0,512.0,1.0,0.0,1906379.0,0.551337
4194304.0,4096.0,4.0,256.0,0.0,1.0,683279.0,0.178361
4194304.0,4096.0,4.0,256.0,1.0,0.0,2117279.0,0.61565
4194304.0,8192.0,4.0,128.0,0.0,1.0,1244979.0,0.349648
4194304.0,8192.0,4.0,128.0,1.0,0.0,2537879.0,0.743909
4194304.0,16384.0,4.0,64.0,0.0,1.0,2355379.0,0.688257
4194304.0,16384.0,4.0,64.0,1.0,0.0,3377679.0,1.0
4194304.0,32768.0,4.0,32.0,0.0,1.0,2355379.0,0.688257
4194304.0,32768.0,4.0,32.0,1.0,0.0,3377679.0,1.0
4194304.0,65536.0,4.0,16.0,0.0,1.0,2355379.0,0.688257
4194304.0,65536.0,4.0,16.0,1.0,0.0,3377679.0,1.0
4194304.0,1024.0,8.0,512.0,0.0,1.0,397579.0,0.091239
4194304.0,1024.0,8.0,512.0,1.0,0.0,1906379.0,0.551337
4194304.0,2048.0,8.0,256.0,0.0,1.0,683279.0,0.178361
4194304.0,2048.0,8.0,256.0,1.0,0.0,2117279.0,0.61565
4194304.0,4096.0,8.0,128.0,0.0,1.0,1244979.0,0.349648
4194304.0,4096.0,8.0,128.0,1.0,0.0,2537879.0,0.743909
4194304.0,8192.0,8.0,64.0,0.0,1.0,2355379.0,0.688257
4194304.0,8192.0,8.0,64.0,1.0,0.0,3377679.0,1.0
4194304.0,16384.0,8.0,32.0,0.0,1.0,2355379.0,0.688257
4194304.0,16384.0,8.0,32.0,1.0,0.0,3377679.0,1.0
4194304.0,32768.0,8.0,16.0,0.0,1.0,2355379.0,0.688257
4194304.0,32768.0,8.0,16.0,1.0,0.0,3377679.0,1.0
4194304.0,512.0,16.0,512.0,0.0,1.0,397579.0,0.091239
4194304.0,512.0,16.0,512.0,1.0,0.0,1906379.0,0.551337
4194304.0,1024.0,16.0,256.0,0.0,1.0,683279.0,0.178361
4194304.0,1024.0,16.0,256.0,1.0,0.0,2117279.0,0.61565
4194304.0,2048.0,16.0,128.0,0.0,1.0,1244979.0,0.349648
4194304.0,2048.0,16.0,128.0,1.0,0.0,2537879.0,0.743909
4194304.0,4096.0,16.0,64.0,0.0,1.0,2355379.0,0.688257
4194304.0,4096.0,16.0,64.0,1.0,0.0,3377679.0,1.0
4194304.0,8192.0,16.0,32.0,0.0,1.0,2355379.0,0.688257
4194304.0,8192.0,16.0,32.0,1.0,0.0,3377679.0,1.0
4194304.0,16384.0,16.0,16.0,0.0,1.0,2355379.0,0.688257
4194304.0,16384.0,16.0,16.0,1.0,0.0,3377679.0,1.0
4194304.0,256.0,32.0,512.0,0.0,1.0,397579.0,0.091239
4194304.0,256.0,32.0,512.0,1.0,0.0,1906379.0,0.551337
4194304.0,512.0,32.0,256.0,0.0,1.0,683279.0,0.178361
4194304.0,512.0,32.0,256.0,1.0,0.0,2117279.0,0.61565
4194304.0,1024.0,32.0,128.0,0.0,1.0,1244979.0,0.349648
4194304.0,1024.0,32.0,128.0,1.0,0.0,2537879.0,0.743909
4194304.0,2048.0,32.0,64.0,0.0,1.0,2355379.0,0.688257
4194304.0,2048.0,32.0,64.0,1.0,0.0,3377679.0,1.0
4194304.0,4096.0,32.0,32.0,0.0,1.0,2355379.0,0.688257
4194304.0,4096.0,32.0,32.0,1.0,0.0,3377679.0,1.0
4194304.0,8192.0,32.0,16.0,0.0,1.0,2355379.0,0.688257
4194304.0,8192.0,32.0,16.0,1.0,0.0,3377679.0,1.0
8388608.0,16384.0,1.0,512.0,0.0,1.0,397579.0,0.091239
8388608.0,16384.0,1.0,512.0,1.0,0.0,1906379.0,0.551337
8388608.0,32768.0,1.0,256.0,0.0,1.0,683279.0,0.178361
8388608.0,32768.0,1.0,256.0,1.0,0.0,2117279.0,0.61565
8388608.0,65536.0,1.0,128.0,0.0,1.0,1244979.0,0.349648
8388608.0,65536.0,1.0,128.0,1.0,0.0,2537879.0,0.743909
8388608.0,131072.0,1.0,64.0,0.0,1.0,2355379.0,0.688257
8388608.0,131072.0,1.0,64.0,1.0,0.0,3377679.0,1.0
8388608.0,262144.0,1.0,32.0,0.0,1.0,2355379.0,0.688257
8388608.0,262144.0,1.0,32.0,1.0,0.0,3377679.0,1.0
8388608.0,524288.0,1.0,16.0,0.0,1.0,2355379.0,0.688257
8388608.0,524288.0,1.0,16.0,1.0,0.0,3377679.0,1.0
8388608.0,8192.0,2.0,512.0,0.0,1.0,397579.0,0.091239
8388608.0,8192.0,2.0,512.0,1.0,0.0,1906379.0,0.551337
8388608.0,16384.0,2.0,256.0,0.0,1.0,683279.0,0.178361
8388608.0,16384.0,2.0,256.0,1.0,0.0,2117279.0,0.61565
8388608.0,32768.0,2.0,128.0,0.0,1.0,1244979.0,0.349648
8388608.0,32768.0,2.0,128.0,1.0,0.0,2537879.0,0.743909
8388608.0,65536.0,2.0,64.0,0.0,1.0,2355379.0,0.688257
8388608.0,65536.0,2.0,64.0,1.0,0.0,3377679.0,1.0
8388608.0,131072.0,2.0,32.0,0.0,1.0,2355379.0,0.688257
8388608.0,131072.0,2.0,32.0,1.0,0.0,3377679.0,1.0
8388608.0,262144.0,2.0,16.0,0.0,1.0,2355379.0,0.688257
8388608.0,262144.0,2.0,16.0,1.0,0.0,3377679.0,1.0
8388608.0,4096.0,4.0,512.0,0.0,1.0,397579.0,0.091239
8388608.0,4096.0,4.0,512.0,1.0,0.0,1906379.0,0.551337
8388608.0,8192.0,4.0,256.0,0.0,1.0,683279.0,0.178361
8388608.0,8192.0,4.0,256.0,1.0,0.0,2117279.0,0.61565
8388608.0,16384.0,4.0,128.0,0.0,1.0,1244979.0,0.349648
8388608.0,16384.0,4.0,128.0,1.0,0.0,2537879.0,0.743909
8388608.0,32768.0,4.0,64.0,0.0,1.0,2355379.0,0.688257
8388608.0,32768.0,4.0,64.0,1.0,0.0,3377679.0,1.0
8388608.0,65536.0,4.0,32.0,0.0,1.0,2355379.0,0.688257
8388608.0,65536.0,4.0,32.0,1.0,0.0,3377679.0,1.0
8388608.0,131072.0,4.0,16.0,0.0,1.0,2355379.0,0.688257
8388608.0,131072.0,4.0,16.0,1.0,0.0,3377679.0,1.0
8388608.0,2048.0,8.0,512.0,0.0,1.0,397579.0,0.091239
8388608.0,2048.0,8.0,512.0,1.0,0.0,1906379.0,0.551337
8388608.0,4096.0,8.0,256.0,0.0,1.0,683279.0,0.178361
8388608.0,4096.0,8.0,256.0,1.0,0.0,2117279.0,0.61565
8388608.0,8192.0,8.0,128.0,0.0,1.0,1244979.0,0.349648
8388608.0,8192.0,8.0,128.0,1.0,0.0,2537879.0,0.743909
8388608.0,16384.0,8.0,64.0,0.0,1.0,2355379.0,0.688257
8388608.0,16384.0,8.0,64.0,1.0,0.0,3377679.0,1.0
8388608.0,32768.0,8.0,32.0,0.0,1.0,2355379.0,0.688257
8388608.0,32768.0,8.0,32.0,1.0,0.0,3377679.0,1.0
8388608.0,65536.0,8.0,16.0,0.0,1.0,2355379.0,0.688257
8388608.0,65536.0,8.0,16.0,1.0,0.0,3377679.0,1.0
8388608.0,1024.0,16.0,512.0,0.0,1.0,397579.0,0.091239
8388608.0,1024.0,16.0,512.0,1.0,0.0,1906379.0,0.551337
8388608.0,2048.0,16.0,256.0,0.0,1.0,683279.0,0.178361
8388608.0,2048.0,16.0,256.0,1.0,0.0,2117279.0,0.61565
8388608.0,4096.0,16.0,128.0,0.0,1.0,1244979.0,0.349648
8388608.0,4096.0,16.0,128.0,1.0,0.0,2537879.0,0.743909
8388608.0,8192.0,16.0,64.0,0.0,1.0,2355379.0,0.688257
8388608.0,8192.0,16.0,64.0,1.0,0.0,3377679.0,1.0
8388608.0,16384.0,16.0,32.0,0.0,1.0,2355379.0,0.688257
8388608.0,16384.0,16.0,32.0,1.0,0.0,3377679.0,1.0
8388608.0,32768.0,16.0,16.0,0.0,1.0,2355379.0,0.688257
8388608.0,32768.0,16.0,16.0,1.0,0.0,3377679.0,1.0
8388608.0,512.0,32.0,512.0,0.0,1.0,397579.0,0.091239
8388608.0,512.0,32.0,512.0,1.0,0.0,1906379.0,0.551337
8388608.0,1024.0,32.0,256.0,0.0,1.0,683279.0,0.178361
8388608.0,1024.0,32.0,256.0,1.0,0.0,2117279.0,0.61565
8388608.0,2048.0,32.0,128.0,0.0,1.0,1244979.0,0.349648
8388608.0,2048.0,32.0,128.0,1.0,0.0,2537879.0,0.743909
8388608.0,4096.0,32.0,64.0,0.0,1.0,2355379.0,0.688257
8388608.0,4096.0,32.0,64.0,1.0,0.0,3377679.0,1.0
8388608.0,8192.0,32.0,32.0,0.0,1.0,2355379.0,0.688257
8388608.0,8192.0,32.0,32.0,1.0,0.0,3377679.0,1.0
8388608.0,16384.0,32.0,16.0,0.0,1.0,2355379.0,0.688257
8388608.0,16384.0,32.0,16.0,1.0,0.0,3377679.0,1.0
16777216.0,32768.0,1.0,512.0,0.0,1.0,397579.0,0.091239
16777216.0,32768.0,1.0,512.0,1.0,0.0,1906379.0,0.551337
16777216.0,65536.0,1.0,256.0,0.0,1.0,683279.0,0.178361
16777216.0,65536.0,1.0,256.0,1.0,0.0,2117279.0,0.61565
16777216.0,131072.0,1.0,128.0,0.0,1.0,1244979.0,0.349648
16777216.0,131072.0,1.0,128.0,1.0,0.0,2537879.0,0.743909
16777216.0,262144.0,1.0,64.0,0.0,1.0,2355379.0,0.688257
16777216.0,262144.0,1.0,64.0,1.0,0.0,3377679.0,1.0
16777216.0,524288.0,1.0,32.0,0.0,1.0,2355379.0,0.688257
16777216.0,524288.0,1.0,32.0,1.0,0.0,3377679.0,1.0
16777216.0,1048576.0,1.0,16.0,0.0,1.0,2355379.0,0.688257
16777216.0,1048576.0,1.0,16.0,1.0,0.0,3377679.0,1.0
16777216.0,16384.0,2.0,512.0,0.0,1.0,397579.0,0.091239
16777216.0,16384.0,2.0,512.0,1.0,0.0,1906379.0,0.551337
16777216.0,32768.0,2.0,256.0,0.0,1.0,683279.0,0.178361
16777216.0,32768.0,2.0,256.0,1.0,0.0,2117279.0,0.61565
16777216.0,65536.0,2.0,128.0,0.0,1.0,1244979.0,0.349648
16777216.0,65536.0,2.0,128.0,1.0,0.0,2537879.0,0.743909
16777216.0,131072.0,2.0,64.0,0.0,1.0,2355379.0,0.688257
16777216.0,131072.0,2.0,64.0,1.0,0.0,3377679.0,1.0
16777216.0,262144.0,2.0,32.0,0.0,1.0,2355379.0,0.688257
16777216.0,262144.0,2.0,32.0,1.0,0.0,3377679.0,1.0
16777216.0,524288.0,2.0,16.0,0.0,1.0,2355379.0,0.688257
16777216.0,524288.0,2.0,16.0,1.0,0.0,3377679.0,1.0
16777216.0,8192.0,4.0,512.0,0.0,1.0,397579.0,0.091239
16777216.0,8192.0,4.0,512.0,1.0,0.0,1906379.0,0.551337
16777216.0,16384.0,4.0,256.0,0.0,1.0,683279.0,0.178361
16777216.0,16384.0,4.0,256.0,1.0,0.0,2117279.0,0.61565
16777216.0,32768.0,4.0,128.0,0.0,1.0,1244979.0,0.349648
16777216.0,32768.0,4.0,128.0,1.0,0.0,2537879.0,0.743909
16777216.0,65536.0,4.0,64.0,0.0,1.0,2355379.0,0.688257
16777216.0,65536.0,4.0,64.0,1.0,0.0,3377679.0,1.0
16777216.0,131072.0,4.0,32.0,0.0,1.0,2355379.0,0.688257
16777216.0,131072.0,4.0,32.0,1.0,0.0,3377679.0,1.0
16777216.0,262144.0,4.0,16.0,0.0,1.0,2355379.0,0.688257
16777216.0,262144.0,4.0,16.0,1.0,0.0,3377679.0,1.0
16777216.0,4096.0,8.0,512.0,0.0,1.0,397579.0,0.091239
16777216.0,4096.0,8.0,512.0,1.0,0.0,1906379.0,0.551337
16777216.0,8192.0,8.0,256.0,0.0,1.0,683279.0,0.178361
16777216.0,8192.0,8.0,256.0,1.0,0.0,2117279.0,0.61565
16777216.0,16384.0,8.0,128.0,0.0,1.0,1244979.0,0.349648
16777216.0,16384.0,8.0,128.0,1.0,0.0,2537879.0,0.743909
16777216.0,32768.0,8.0,64.0,0.0,1.0,2355379.0,0.688257
16777216.0,32768.0,8.0,64.0,1.0,0.0,3377679.0,1.0
16777216.0,65536.0,8.0,32.0,0.0,1.0,2355379.0,0.688257
16777216.0,65536.0,8.0,32.0,1.0,0.0,3377679.0,1.0
16777216.0,131072.0,8.0,16.0,0.0,1.0,2355379.0,0.688257
16777216.0,131072.0,8.0,16.0,1.0,0.0,3377679.0,1.0
16777216.0,2048.0,16.0,512.0,0.0,1.0,397579.0,0.091239
16777216.0,2048.0,16.0,512.0,1.0,0.0,1906379.0,0.551337
16777216.0,4096.0,16.0,256.0,0.0,1.0,683279.0,0.178361
16777216.0,4096.0,16.0,256.0,1.0,0.0,2117279.0,0.61565
16777216.0,8192.0,16.0,128.0,0.0,1.0,1244979.0,0.349648
16777216.0,8192.0,16.0,128.0,1.0,0.0,2537879.0,0.743909
16777216.0,16384.0,16.0,64.0,0.0,1.0,2355379.0,0.688257
16777216.0,16384.0,16.0,64.0,1.0,0.0,3377679.0,1.0
16777216.0,32768.0,16.0,32.0,0.0,1.0,2355379.0,0.688257
16777216.0,32768.0,16.0,32.0,1.0,0.0,3377679.0,1.0
16777216.0,65536.0,16.0,16.0,0.0,1.0,2355379.0,0.688257
16777216.0,65536.0,16.0,16.0,1.0,0.0,3377679.0,1.0
16777216.0,1024.0,32.0,512.0,0.0,1.0,397579.0,0.091239
16777216.0,1024.0,32.0,512.0,1.0,0.0,1906379.0,0.551337
16777216.0,2048.0,32.0,256.0,0.0,1.0,683279.0,0.178361
16777216.0,2048.0,32.0,256.0,1.0,0.0,2117279.0,0.61565
16777216.0,4096.0,32.0,128.0,0.0,1.0,1244979.0,0.349648
16777216.0,4096.0,32.0,128.0,1.0,0.0,2537879.0,0.743909
16777216.0,8192.0,32.0,64.0,0.0,1.0,2355379.0,0.688257
16777216.0,8192.0,32.0,64.0,1.0,0.0,3377679.0,1.0
16777216.0,16384.0,32.0,32.0,0.0,1.0,2355379.0,0.688257
16777216.0,16384.0,32.0,32.0,1.0,0.0,3377679.0,1.0
16777216.0,32768.0,32.0,16.0,0.0,1.0,2355379.0,0.688257
16777216.0,32768.0,32.0,16.0,1.0,0.0,3377679.0,1.0
33554432.0,65536.0,1.0,512.0,0.0,1.0,397579.0,0.091239
33554432.0,65536.0,1.0,512.0,1.0,0.0,1906379.0,0.551337
33554432.0,131072.0,1.0,256.0,0.0,1.0,683279.0,0.178361
33554432.0,131072.0,1.0,256.0,1.0,0.0,2117279.0,0.61565
33554432.0,262144.0,1.0,128.0,0.0,1.0,1244979.0,0.349648
33554432.0,262144.0,1.0,128.0,1.0,0.0,2537879.0,0.743909
33554432.0,524288.0,1.0,64.0,0.0,1.0,2355379.0,0.688257
33554432.0,524288.0,1.0,64.0,1.0,0.0,3377679.0,1.0
33554432.0,1048576.0,1.0,32.0,0.0,1.0,2355379.0,0.688257
33554432.0,1048576.0,1.0,32.0,1.0,0.0,3377679.0,1.0
33554432.0,2097152.0,1.0,16.0,0.0,1.0,2355379.0,0.688257
33554432.0,2097152.0,1.0,16.0,1.0,0.0,3377679.0,1.0
33554432.0,32768.0,2.0,512.0,0.0,1.0,397579.0,0.091239
33554432.0,32768.0,2.0,512.0,1.0,0.0,1906379.0,0.551337
33554432.0,65536.0,2.0,256.0,0.0,1.0,683279.0,0.178361
33554432.0,65536.0,2.0,256.0,1.0,0.0,2117279.0,0.61565
33554432.0,131072.0,2.0,128.0,0.0,1.0,1244979.0,0.349648
33554432.0,131072.0,2.0,128.0,1.0,0.0,2537879.0,0.743909
33554432.0,262144.0,2.0,64.0,0.0,1.0,2355379.0,0.688257
33554432.0,262144.0,2.0,64.0,1.0,0.0,3377679.0,1.0
33554432.0,524288.0,2.0,32.0,0.0,1.0,2355379.0,0.688257
33554432.0,524288.0,2.0,32.0,1.0,0.0,3377679.0,1.0
33554432.0,1048576.0,2.0,16.0,0.0,1.0,2355379.0,0.688257
33554432.0,1048576.0,2.0,16.0,1.0,0.0,3377679.0,1.0
33554432.0,16384.0,4.0,512.0,0.0,1.0,397579.0,0.091239
33554432.0,16384.0,4.0,512.0,1.0,0.0,1906379.0,0.551337
33554432.0,32768.0,4.0,256.0,0.0,1.0,683279.0,0.178361
33554432.0,32768.0,4.0,256.0,1.0,0.0,2117279.0,0.61565
33554432.0,65536.0,4.0,128.0,0.0,1.0,1244979.0,0.349648
33554432.0,65536.0,4.0,128.0,1.0,0.0,2537879.0,0.743909
33554432.0,131072.0,4.0,64.0,0.0,1.0,2355379.0,0.688257
33554432.0,131072.0,4.0,64.0,1.0,0.0,3377679.0,1.0
33554432.0,262144.0,4.0,32.0,0.0,1.0,2355379.0,0.688257
33554432.0,262144.0,4.0,32.0,1.0,0.0,3377679.0,1.0
33554432.0,524288.0,4.0,16.0,0.0,1.0,2355379.0,0.688257
33554432.0,524288.0,4.0,16.0,1.0,0.0,3377679.0,1.0
33554432.0,8192.0,8.0,512.0,0.0,1.0,397579.0,0.091239
33554432.0,8192.0,8.0,512.0,1.0,0.0,1906379.0,0.551337
33554432.0,16384.0,8.0,256.0,0.0,1.0,683279.0,0.178361
33554432.0,16384.0,8.0,256.0,1.0,0.0,2117279.0,0.61565
33554432.0,32768.0,8.0,128.0,0.0,1.0,1244979.0,0.349648
33554432.0,32768.0,8.0,128.0,1.0,0.0,2537879.0,0.743909
33554432.0,65536.0,8.0,64.0,0.0,1.0,2355379.0,0.688257
33554432.0,65536.0,8.0,64.0,1.0,0.0,3377679.0,1.0
33554432.0,131072.0,8.0,32.0,0.0,1.0,2355379.0,0.688257
33554432.0,131072.0,8.0,32.0,1.0,0.0,3377679.0,1.0
33554432.0,262144.0,8.0,16.0,0.0,1.0,2355379.0,0.688257
33554432.0,262144.0,8.0,16.0,1.0,0.0,3377679.0,1.0
33554432.0,4096.0,16.0,512.0,0.0,1.0,397579.0,0.091239
33554432.0,4096.0,16.0,512.0,1.0,0.0,1906379.0,0.551337
33554432.0,8192.0,16.0,256.0,0.0,1.0,683279.0,0.178361
33554432.0,8192.0,16.0,256.0,1.0,0.0,2117279.0,0.61565
33554432.0,16384.0,16.0,128.0,0.0,1.0,1244979.0,0.349648
33554432.0,16384.0,16.0,128.0,1.0,0.0,2537879.0,0.743909
33554432.0,32768.0,16.0,64.0,0.0,1.0,2355379.0,0.688257
33554432.0,32768.0,16.0,64.0,1.0,0.0,3377679.0,1.0
33554432.0,65536.0,16.0,32.0,0.0,1.0,2355379.0,0.688257
33554432.0,65536.0,16.0,32.0,1.0,0.0,3377679.0,1.0
33554432.0,131072.0,16.0,16.0,0.0,1.0,2355379.0,0.688257
33554432.0,131072.0,16.0,16.0,1.0,0.0,3377679.0,1.0
33554432.0,2048.0,32.0,512.0,0.0,1.0,397579.0,0.091239
33554432.0,2048.0,32.0,512.0,1.0,0.0,1906379.0,0.551337
33554432.0,4096.0,32.0,256.0,0.0,1.0,683279.0,0.178361
33554432.0,4096.0,32.0,256.0,1.0,0.0,2117279.0,0.61565
33554432.0,8192.0,32.0,128.0,0.0,1.0,1244979.0,0.349648
33554432.0,8192.0,32.0,128.0,1.0,0.0,2537879.0,0.743909
33554432.0,16384.0,32.0,64.0,0.0,1.0,2355379.0,0.688257
33554432.0,16384.0,32.0,64.0,1.0,0.0,3377679.0,1.0
33554432.0,32768.0,32.0,32.0,0.0,1.0,2355379.0,0.688257
33554432.0,32768.0,32.0,32.0,1.0,0.0,3377679.0,1.0
33554432.0,65536.0,32.0,16.0,0.0,1.0,2355379.0,0.688257
33554432.0,65536.0,32.0,16.0,1.0,0.0,3377679.0,1.0
